time,length,uphill,downhill,circular
26213.0,22502.181797426958,1351.6960000000004,1337.9320000000002,1
6513.827,7097.441575968408,275.0950000000007,251.57800000000066,1
11338.0,9201.835875120823,431.6099999999999,417.74699999999996,1
17360.0,13889.194260145843,1421.8880000000004,1422.6460000000004,1
20785.0,10284.672067316631,340.9889999999999,328.751,1
20399.0,10485.916073007756,976.2769999999997,974.9839999999997,1
25587.5,13957.637126844791,1083.9049999999993,1076.9639999999993,1
6896.0,5470.7761788902335,270.33699999999976,271.7679999999998,1
24132.834,11150.507273862766,853.4850000000005,868.5050000000003,1
13351.0,12383.536431797656,392.0290000000001,376.2300000000002,1
11937.813,8793.104212741591,456.2039999999997,444.16999999999985,1
13180.0,13933.841508675907,614.0369999999998,620.5649999999998,1
17973.019,13364.857760979634,561.7160000000003,563.5380000000005,1
12554.0,10982.609721105277,689.5209999999998,693.0979999999996,1
15641.0,10214.058008884555,685.7260000000001,694.828,1
11389.369,4601.176426932746,441.4230000000008,439.3760000000008,1
16759.0,11743.571127521507,1013.9890000000003,1017.5500000000002,1
14155.0,11124.301140027304,525.383,475.033,1
11137.0,4435.614108749411,936.6859999999997,67.8639999999998,0
19798.0,12256.397817515151,998.2860000000003,987.7020000000005,1
8487.0,5939.586017630934,524.6129999999999,469.7879999999999,1
27697.941,13590.011812038905,2545.616,1423.3769999999995,1
21406.435,8671.619064798886,850.0680000000007,847.2760000000007,1
22904.97,13492.465266149027,1013.6239999999991,1031.7619999999993,1
11847.0,6168.183060081201,516.8329999999996,509.0859999999997,1
42909.0,25351.085119926793,1826.9560000000013,1836.9450000000013,1
14401.0,5654.106151718004,369.9089999999999,369.5609999999999,1
28511.546,10779.673598924926,911.3379999999993,898.0529999999994,1
26777.0,10049.77939413225,934.3559999999995,929.3479999999995,1
18263.846,14348.236111028498,1055.1580000000001,1051.7060000000006,1
6811.0,6682.108070222336,229.7860000000004,223.0070000000004,1
28979.034,12697.440136931056,905.982,900.9839999999999,1
20156.0,12841.739537108519,570.0019999999997,549.3269999999999,1
13426.0,6973.992900752784,460.1939999999999,451.38499999999993,1
23544.098,10861.536779597069,480.30600000000186,504.4330000000018,1
11575.611,9835.628856966629,428.2850000000003,428.1420000000003,1
9316.96,7929.242393970003,178.96599999999967,772.9019999999998,0
16564.0,11360.49164537636,513.1890000000003,503.56800000000044,1
24734.0,13260.389971147213,750.171,756.6570000000004,1
20697.228,11445.5876598931,512.9009999999998,494.9059999999997,1
12686.0,10616.803542495549,525.8440000000004,523.2840000000004,1
24460.0,12101.354194853066,491.91099999999915,921.9199999999994,0
26720.0,12852.895831016078,921.9410000000003,941.7670000000003,1
14664.0,7174.740597609137,310.85100000000006,320.92000000000024,1
15892.22,12175.448041486834,645.1540000000002,642.2720000000004,1
19438.0,7972.274789309385,493.1020000000001,502.4960000000001,1
25606.0,23073.319037125733,1419.8149999999998,1445.6129999999998,1
18415.0,7505.972874358427,1093.8019999999995,1094.7639999999994,1
21906.795,9264.551460721974,932.6940000000004,916.2270000000005,1
7956.1,5711.137683520918,261.9529999999986,266.78899999999885,1
16657.0,12524.349552802201,376.6819999999991,1127.1339999999993,0
13861.0,7176.616877254907,336.3099999999998,338.92499999999995,1
9496.0,4230.49335997847,58.25399999999968,78.2049999999997,1
10779.0,6742.953375762906,391.62300000000005,383.3850000000001,1
23369.0,14864.560584469193,1240.042000000001,1176.666000000001,1
14630.118,11396.245591947893,695.1839999999995,694.2419999999995,1
10728.0,10758.283173584066,593.2120000000003,594.2670000000004,1
14035.0,10027.691289708913,455.99699999999984,461.6390000000001,1
11420.5,9992.208025410328,586.1370000000001,630.2970000000001,1
10658.785,6799.141122360782,312.2560000000001,309.9839999999999,1
18360.001,7822.100115382473,548.279,547.9960000000003,1
40219.0,16132.318284398341,1620.9000000000005,1633.9170000000006,1
15083.0,5017.713086752135,505.4880000000003,501.36900000000014,1
20933.873,7300.073931912105,727.9329999999998,712.0629999999998,1
18830.0,11953.119552641709,961.6019999999999,954.2829999999999,1
21821.993,17833.632525514102,1718.6690000000006,1714.8210000000004,1
17024.0,9992.019086771288,1078.8369999999995,1100.5449999999994,1
31650.0,13232.194382959207,1565.4190000000008,1567.2040000000006,1
18616.047,9730.340366481141,1079.6589999999994,1080.3619999999996,1
9761.0,8972.961161833386,801.1369999999997,25.203999999999724,0
20015.027,10561.98432561722,706.3300000000002,690.8960000000002,1
9115.0,7807.371665174632,310.6869999999999,299.7059999999999,1
31471.321,22180.19924418548,916.026000000001,850.7880000000009,1
26834.0,11287.562662188353,727.4049999999986,732.9109999999985,1
21687.0,9181.543163660335,680.7289999999985,680.6179999999983,1
19076.0,9379.74645865284,690.6759999999999,693.8019999999999,1
29716.0,12426.603520114899,848.742,859.8340000000001,1
10676.079,5944.921805431577,625.1970000000001,619.259,1
12987.0,7098.126739175197,393.9229999999999,391.0759999999999,1
17047.0,7055.264298396788,417.58799999999974,392.1699999999996,1
16248.445,8807.010717826923,368.56999999999994,391.0749999999998,1
23030.028,10206.991640916443,1111.6590000000008,1103.5950000000007,1
20613.988,10341.49078949951,707.2480000000005,692.6970000000006,1
34941.009,22417.687542539996,1596.1510000000003,2969.7790000000023,0
15964.998,17805.466226730638,300.171,181.78499999999997,0
24411.33,7271.39601889319,747.4009999999994,750.695999999999,1
25299.0,12095.299293761424,1242.846,1226.5060000000003,1
14522.0,12573.550840350095,384.50400000000013,400.9960000000001,1
8981.0,5225.127391501331,312.10400000000004,295.153,1
13786.971,6615.8780298963875,492.19999999999936,490.2439999999997,1
21654.133,11929.564058960794,1060.3470000000002,1060.7310000000004,0
17955.0,10684.543900734767,1004.1619999999999,1002.7119999999999,1
12418.598,5869.104088096168,519.9460000000006,540.8910000000005,1
10440.003,12552.105623672174,787.403,824.8110000000001,1
20867.0,11776.948139802385,902.6679999999999,902.348,1
24463.0,16059.30571050285,1050.8830000000003,1053.8710000000003,1
26183.0,19948.70406186093,1290.293000000002,1287.255000000002,1
23660.034,12815.49882243291,577.5739999999992,576.2039999999993,1
16338.902,14471.581408829068,688.1889999999999,688.5559999999998,1
8459.01,6958.027014038494,278.8049999999996,278.5069999999996,1
19320.0,9068.035955573696,746.4680000000001,694.297,0
16233.0,12437.304364319738,1012.8899999999995,1018.8089999999994,1
22699.895,8303.092030945032,357.9409999999999,325.0289999999999,1
28965.959,22955.991268194844,1291.0000000000005,1301.3930000000005,1
6685.0,6743.6382953003,327.17500000000064,229.5610000000006,1
37657.0,24230.265489481775,1317.158,1314.9309999999998,1
11985.0,8151.402699213049,1039.7210000000002,1037.929,1
13349.0,8519.995021305114,416.70300000000134,418.2480000000014,1
6692.0,5321.664666557263,211.6860000000001,204.94300000000004,1
23258.901,11842.094944324517,591.8699999999999,588.1119999999999,1
27996.0,14380.640083638384,753.4900000000006,753.5010000000005,1
19210.0,10651.420477253665,526.428000000001,533.4530000000009,1
12220.847,6790.1815281049785,357.07899999999995,351.67499999999995,1
19125.0,10496.400521028676,669.4739999999997,669.2349999999999,1
27546.251,12221.966730936714,909.9199999999995,916.3019999999996,1
18671.016,20998.134440163,447.2060000000002,176.889,0
25822.366,13189.730948398717,838.8740000000012,816.5490000000013,1
73058.0,13475.934712226628,932.2450000000002,897.5550000000002,1
9356.0,7651.45721460353,416.03400000000056,404.4710000000007,1
19160.0,11454.910604957184,991.2969999999998,991.6239999999998,1
20691.0,14735.682846611282,842.415,853.9159999999999,1
7063.0,8895.380001651705,157.31799999999998,172.55399999999997,1
23690.0,9314.838160045218,923.155,928.8580000000002,1
23211.0,13774.582958971234,1077.6659999999997,1092.3249999999998,1
17733.0,10139.388296632218,760.3510000000003,746.5050000000003,1
16063.098,10095.991418456655,239.04999999999995,241.52099999999996,1
4443.0,2903.012721523898,210.85499999999996,198.32099999999997,1
23796.903,13627.314857899471,668.3810000000003,1357.4790000000003,0
20447.0,10227.947106909915,589.6999999999998,613.0539999999999,1
31706.0,15168.44030560204,1333.3240000000005,1328.7080000000003,1
20147.008,9621.967131406838,520.0480000000002,534.3120000000001,1
18341.0,12084.613256060886,520.1529999999993,519.2039999999993,1
21479.207,10266.379379565211,1438.8019999999995,1436.4070000000004,1
23122.497,11972.77487173482,716.3800000000003,733.8760000000003,1
19519.0,9771.654976657826,536.9760000000001,539.4449999999997,1
8281.0,5511.704261744378,262.47699999999986,252.5949999999999,1
12353.03,8175.417633184502,726.5600000000003,730.6520000000003,1
22453.0,10918.912533399882,993.3270000000009,999.3710000000008,1
18791.0,7600.085591455254,501.3690000000005,484.2040000000004,1
17854.0,8329.049330000737,628.0059999999999,627.9469999999999,1
9316.0,6442.918626790318,370.47099999999995,424.54299999999995,1
24327.5,14837.711360087604,930.556,928.934,1
26839.0,13864.189726720351,718.5770000000007,721.4680000000005,1
22233.0,12946.107596485781,952.7390000000003,958.6680000000001,1
20720.743,9505.404204108661,792.0810000000002,788.0580000000002,1
14077.0,9060.614395211333,413.7569999999989,416.715999999999,1
10009.0,7517.813895460814,1149.9930000000013,1154.877000000001,1
24429.142,11293.964606595342,788.5199999999993,793.9769999999992,1
12644.0,8938.547426567273,727.9239999999991,157.58499999999913,0
20049.844,12212.597141370006,500.0329999999997,453.45199999999977,1
12742.87,7373.123320826684,426.3470000000002,412.4540000000002,1
17229.486,13762.606404376205,657.0669999999998,656.9529999999997,1
19911.0,11377.14967640276,366.93499999999995,368.8759999999998,1
6876.0,7834.893924132924,346.83799999999985,346.5079999999998,1
11965.0,12561.878138172844,256.1239999999999,286.8899999999999,1
39227.061,14441.832799205753,1607.2009999999993,1607.7059999999992,1
10252.0,10800.53753463268,208.53200000000027,220.62300000000027,1
24673.0,8738.558903318291,527.4129999999998,527.7489999999999,1
23527.006,9134.18256253303,875.5279999999992,867.3159999999992,1
15655.528,11186.958139093125,704.1789999999995,698.9119999999995,1
13412.081,9656.609451498354,550.5469999999997,540.9999999999997,1
18514.0,8487.737940749803,502.12799999999993,510.9239999999999,1
26886.0,18907.966546502787,816.4850000000009,846.8110000000008,0
6891.0,4340.044208553668,320.0880000000001,301.37800000000004,1
32157.953,18202.149783769444,1260.7600000000007,1269.5180000000007,1
16333.0,8363.631495712369,919.9430000000007,917.9620000000004,1
19860.996,12227.186447853786,1070.0699999999997,1066.9929999999997,1
16889.107,6576.599987689722,201.25300000000016,298.64700000000016,0
22162.134,12158.442602294193,465.60400000000004,461.6170000000001,1
18395.0,7708.05627352278,255.62699999999998,241.63699999999997,1
15445.0,13246.052532716007,557.6200000000008,564.8800000000008,1
19973.101,7483.471031097343,534.7179999999998,545.1429999999998,1
9253.0,6182.617130034752,283.80699999999956,289.59999999999957,1
30454.0,12099.539738275265,974.4210000000006,955.6320000000006,1
31165.0,10274.67994329581,834.2569999999994,834.9599999999994,1
16348.0,8182.908609822118,330.43700000000035,322.7150000000004,1
11751.0,5232.920211328745,781.3799999999987,68.53199999999879,0
19203.137,8432.046199288787,593.006,593.4280000000001,1
18491.0,9404.365321103713,782.5679999999994,823.1099999999994,1
6160.0,13823.835976917182,768.8849999999995,768.8689999999995,1
21106.0,18577.676199236073,843.2310000000002,856.44,1
13566.667,6619.597765114974,964.5940000000003,240.8190000000002,0
19524.0,7736.826791498023,486.84599999999995,735.5849999999999,0
29453.0,13835.259637137517,1065.422999999999,1065.4939999999992,1
26564.817,8158.227434617118,869.4450000000002,856.8780000000002,1
16781.233,12781.461970182389,760.7549999999999,770.1729999999999,1
17148.0,10842.026755926167,335.49999999999955,303.5519999999997,1
20101.0,10826.254447357553,494.30099999999925,502.5469999999991,1
31120.124,29637.41016304316,351.0010000000001,538.0189999999999,0
