time,length,uphill,downhill
26213.0,22502.18179742696,1351.6960000000004,1337.9320000000002
17360.0,13889.194260145843,1421.8880000000004,1422.6460000000004
20399.0,10485.916073007756,976.2769999999997,974.9839999999997
6896.0,5470.7761788902335,270.33699999999976,271.7679999999998
17973.019,13364.857760979634,561.7160000000003,563.5380000000005
15641.0,10214.058008884555,685.7260000000001,694.828
11389.369,4601.176426932746,441.4230000000008,439.3760000000008
27697.941,13590.011812038905,2545.616,1423.3769999999995
28979.034,12697.440136931056,905.982,900.9839999999999
11575.611,9835.628856966629,428.2850000000003,428.1420000000003
24460.0,12101.354194853066,491.91099999999915,921.9199999999994
25606.0,23073.319037125737,1419.8149999999998,1445.6129999999998
7956.1,5711.137683520918,261.9529999999986,266.78899999999885
16657.0,12524.349552802201,376.6819999999991,1127.1339999999993
10728.0,10758.283173584066,593.2120000000003,594.2670000000004
31650.0,13232.194382959207,1565.4190000000008,1567.2040000000006
34941.009,22417.687542539996,1596.1510000000003,2969.7790000000023
14522.0,12573.550840350092,384.50400000000013,400.9960000000001
17955.0,10684.543900734767,1004.1619999999999,1002.7119999999999
10440.003,12552.105623672174,787.403,824.8110000000001
26183.0,19948.704061860935,1290.293000000002,1287.255000000002
16338.902,14471.581408829068,688.1889999999999,688.5559999999998
37657.0,24230.265489481775,1317.158,1314.9309999999998
19125.0,10496.400521028676,669.4739999999997,669.2349999999999
27546.251,12221.966730936712,909.9199999999995,916.3019999999996
23796.903,13627.314857899471,668.3810000000003,1357.4790000000003
31706.0,15168.44030560204,1333.3240000000005,1328.7080000000003
18341.0,12084.613256060886,520.1529999999993,519.2039999999993
21479.207,10266.379379565211,1438.8019999999995,1436.4070000000004
12353.03,8175.417633184502,726.5600000000003,730.6520000000003
17854.0,8329.049330000737,628.0059999999999,627.9469999999999
24327.5,14837.711360087605,930.556,928.934
12644.0,8938.547426567273,727.9239999999991,157.58499999999913
20049.844,12212.597141370006,500.0329999999997,453.45199999999977
17229.486,13762.606404376209,657.0669999999998,656.9529999999997
23527.006,9134.18256253303,875.5279999999992,867.3159999999992
13412.081,9656.609451498354,550.5469999999997,540.9999999999997
15445.0,13246.052532716007,557.6200000000008,564.8800000000008
30454.0,12099.539738275265,974.4210000000006,955.6320000000006
11751.0,5232.920211328745,781.3799999999987,68.53199999999879
